PTEV,Gamma,Trajectory,NumAttributes,RuminationFrequency,PTES,W,Proportion
1,0.8,Resilient,4,0,0,4,1
1,0.8,Resilient,4,0,0,8,1
1,0.8,Resilient,4,0,0,12,1
1,0.8,Resilient,4,0,0.25,4,1
1,0.8,Resilient,4,0,0.25,8,1
1,0.8,Resilient,4,0,0.25,12,1
1,0.8,Resilient,4,0,0.5,4,1
1,0.8,Resilient,4,0,0.5,8,1
1,0.8,Resilient,4,0,0.5,12,1
1,0.8,Resilient,4,0,0.75,4,1
1,0.8,Resilient,4,0,0.75,8,1
1,0.8,Resilient,4,0,0.75,12,1
1,0.8,Resilient,4,20,0,4,1
1,0.8,Resilient,4,20,0,8,1
1,0.8,Resilient,4,20,0,12,1
1,0.8,Resilient,4,20,0.25,4,1
1,0.8,Resilient,4,20,0.25,8,1
1,0.8,Resilient,4,20,0.25,12,1
1,0.8,Resilient,4,20,0.5,4,1
1,0.8,Resilient,4,20,0.5,8,1
1,0.8,Resilient,4,20,0.5,12,1
1,0.8,Resilient,4,20,0.75,4,1
1,0.8,Resilient,4,20,0.75,8,1
1,0.8,Resilient,4,20,0.75,12,1
1,0.8,Resilient,6,0,0,4,1
1,0.8,Resilient,6,0,0,8,1
1,0.8,Resilient,6,0,0,12,1
1,0.8,Resilient,6,0,0.25,4,1
1,0.8,Resilient,6,0,0.25,8,1
1,0.8,Resilient,6,0,0.25,12,1
1,0.8,Resilient,6,0,0.5,4,1
1,0.8,Resilient,6,0,0.5,8,1
1,0.8,Resilient,6,0,0.5,12,1
1,0.8,Resilient,6,0,0.75,4,1
1,0.8,Resilient,6,0,0.75,8,1
1,0.8,Resilient,6,0,0.75,12,1
1,0.8,Resilient,6,20,0,4,1
1,0.8,Resilient,6,20,0,8,1
1,0.8,Resilient,6,20,0,12,1
1,0.8,Resilient,6,20,0.25,4,1
1,0.8,Resilient,6,20,0.25,8,1
1,0.8,Resilient,6,20,0.25,12,1
1,0.8,Resilient,6,20,0.5,4,1
1,0.8,Resilient,6,20,0.5,8,1
1,0.8,Resilient,6,20,0.5,12,1
1,0.8,Resilient,6,20,0.75,4,1
1,0.8,Resilient,6,20,0.75,8,1
1,0.8,Resilient,6,20,0.75,12,1
1,0.9,Resilient,4,0,0,4,1
1,0.9,Resilient,4,0,0,8,1
1,0.9,Resilient,4,0,0,12,1
1,0.9,Resilient,4,0,0.25,4,1
1,0.9,Resilient,4,0,0.25,8,1
1,0.9,Resilient,4,0,0.25,12,1
1,0.9,Resilient,4,0,0.5,4,1
1,0.9,Resilient,4,0,0.5,8,1
1,0.9,Resilient,4,0,0.5,12,1
1,0.9,Resilient,4,0,0.75,4,1
1,0.9,Resilient,4,0,0.75,8,1
1,0.9,Resilient,4,0,0.75,12,1
1,0.9,Resilient,4,20,0,4,1
1,0.9,Resilient,4,20,0,8,1
1,0.9,Resilient,4,20,0,12,1
1,0.9,Resilient,4,20,0.25,4,1
1,0.9,Resilient,4,20,0.25,8,1
1,0.9,Resilient,4,20,0.25,12,1
1,0.9,Resilient,4,20,0.5,4,1
1,0.9,Resilient,4,20,0.5,8,1
1,0.9,Resilient,4,20,0.5,12,1
1,0.9,Resilient,4,20,0.75,4,1
1,0.9,Resilient,4,20,0.75,8,1
1,0.9,Resilient,4,20,0.75,12,1
1,0.9,Resilient,6,0,0,4,1
1,0.9,Resilient,6,0,0,8,1
1,0.9,Resilient,6,0,0,12,1
1,0.9,Resilient,6,0,0.25,4,1
1,0.9,Resilient,6,0,0.25,8,1
1,0.9,Resilient,6,0,0.25,12,1
1,0.9,Resilient,6,0,0.5,4,1
1,0.9,Resilient,6,0,0.5,8,1
1,0.9,Resilient,6,0,0.5,12,1
1,0.9,Resilient,6,0,0.75,4,1
1,0.9,Resilient,6,0,0.75,8,1
1,0.9,Resilient,6,0,0.75,12,1
1,0.9,Resilient,6,20,0,4,1
1,0.9,Resilient,6,20,0,8,1
1,0.9,Resilient,6,20,0,12,1
1,0.9,Resilient,6,20,0.25,4,1
1,0.9,Resilient,6,20,0.25,8,1
1,0.9,Resilient,6,20,0.25,12,1
1,0.9,Resilient,6,20,0.5,4,1
1,0.9,Resilient,6,20,0.5,8,1
1,0.9,Resilient,6,20,0.5,12,1
1,0.9,Resilient,6,20,0.75,4,1
1,0.9,Resilient,6,20,0.75,8,1
1,0.9,Resilient,6,20,0.75,12,1
1,0.95,Resilient,4,0,0,4,1
1,0.95,Resilient,4,0,0,8,1
1,0.95,Resilient,4,0,0,12,1
1,0.95,Resilient,4,0,0.25,4,1
1,0.95,Resilient,4,0,0.25,8,1
1,0.95,Resilient,4,0,0.25,12,1
1,0.95,Resilient,4,0,0.5,4,1
1,0.95,Resilient,4,0,0.5,8,1
1,0.95,Resilient,4,0,0.5,12,1
1,0.95,Resilient,4,0,0.75,4,1
1,0.95,Resilient,4,0,0.75,8,1
1,0.95,Resilient,4,0,0.75,12,1
1,0.95,Resilient,4,20,0,4,1
1,0.95,Resilient,4,20,0,8,1
1,0.95,Resilient,4,20,0,12,1
1,0.95,Resilient,4,20,0.25,4,1
1,0.95,Resilient,4,20,0.25,8,1
1,0.95,Resilient,4,20,0.25,12,1
1,0.95,Resilient,4,20,0.5,4,1
1,0.95,Resilient,4,20,0.5,8,1
1,0.95,Resilient,4,20,0.5,12,1
1,0.95,Resilient,4,20,0.75,4,1
1,0.95,Resilient,4,20,0.75,8,1
1,0.95,Resilient,4,20,0.75,12,1
1,0.95,Resilient,6,0,0,4,1
1,0.95,Resilient,6,0,0,8,1
1,0.95,Resilient,6,0,0,12,1
1,0.95,Resilient,6,0,0.25,4,1
1,0.95,Resilient,6,0,0.25,8,1
1,0.95,Resilient,6,0,0.25,12,1
1,0.95,Resilient,6,0,0.5,4,1
1,0.95,Resilient,6,0,0.5,8,1
1,0.95,Resilient,6,0,0.5,12,1
1,0.95,Resilient,6,0,0.75,4,1
1,0.95,Resilient,6,0,0.75,8,1
1,0.95,Resilient,6,0,0.75,12,1
1,0.95,Resilient,6,20,0,4,1
1,0.95,Resilient,6,20,0,8,1
1,0.95,Resilient,6,20,0,12,1
1,0.95,Resilient,6,20,0.25,4,1
1,0.95,Resilient,6,20,0.25,8,1
1,0.95,Resilient,6,20,0.25,12,1
1,0.95,Resilient,6,20,0.5,4,1
1,0.95,Resilient,6,20,0.5,8,1
1,0.95,Resilient,6,20,0.5,12,1
1,0.95,Resilient,6,20,0.75,4,1
1,0.95,Resilient,6,20,0.75,8,1
1,0.95,Resilient,6,20,0.75,12,1
20,0.8,Chronic,4,0,0.25,4,0.1
20,0.8,Chronic,4,0,0.5,4,0.32
20,0.8,Chronic,4,0,0.75,4,0.54
20,0.8,Chronic,4,0,0.75,8,0.4
20,0.8,Chronic,4,0,0.75,12,0.02
20,0.8,Chronic,4,20,0,4,0.08
20,0.8,Chronic,4,20,0,8,0.02
20,0.8,Chronic,4,20,0.25,4,0.12
20,0.8,Chronic,4,20,0.25,8,0.06
20,0.8,Chronic,4,20,0.5,4,0.3
20,0.8,Chronic,4,20,0.5,8,0.1
20,0.8,Chronic,4,20,0.5,12,0.04
20,0.8,Chronic,4,20,0.75,4,0.7
20,0.8,Chronic,4,20,0.75,8,0.38
20,0.8,Chronic,4,20,0.75,12,0.02
20,0.8,Chronic,6,0,0.25,4,0.1
20,0.8,Chronic,6,0,0.5,4,0.18
20,0.8,Chronic,6,0,0.5,8,0.24
20,0.8,Chronic,6,0,0.75,4,0.14
20,0.8,Chronic,6,0,0.75,8,0.5
20,0.8,Chronic,6,0,0.75,12,0.14
20,0.8,Chronic,6,20,0,4,0.06
20,0.8,Chronic,6,20,0,8,0.06
20,0.8,Chronic,6,20,0,12,0.02
20,0.8,Chronic,6,20,0.25,4,0.12
20,0.8,Chronic,6,20,0.25,8,0.08
20,0.8,Chronic,6,20,0.25,12,0.04
20,0.8,Chronic,6,20,0.5,4,0.14
20,0.8,Chronic,6,20,0.5,8,0.26
20,0.8,Chronic,6,20,0.5,12,0.02
20,0.8,Chronic,6,20,0.75,4,0.36
20,0.8,Chronic,6,20,0.75,8,0.52
20,0.8,Chronic,6,20,0.75,12,0.36
20,0.8,Delayed,4,0,0.75,4,0.1
20,0.8,Delayed,4,0,0.75,8,0.02
20,0.8,Delayed,4,20,0.5,4,0.04
20,0.8,Delayed,4,20,0.75,4,0.04
20,0.8,Delayed,4,20,0.75,8,0.04
20,0.8,Delayed,6,0,0.75,4,0.02
20,0.8,Delayed,6,0,0.75,8,0.02
20,0.8,Delayed,6,20,0.25,4,0.02
20,0.8,Delayed,6,20,0.5,4,0.02
20,0.8,Delayed,6,20,0.75,4,0.06
20,0.8,Delayed,6,20,0.75,8,0.06
20,0.8,Recovery,4,0,0,4,0.02
20,0.8,Recovery,4,0,0.25,4,0.04
20,0.8,Recovery,4,0,0.5,4,0.24
20,0.8,Recovery,4,0,0.5,8,0.02
20,0.8,Recovery,4,0,0.75,4,0.18
20,0.8,Recovery,4,0,0.75,8,0.2
20,0.8,Recovery,4,0,0.75,12,0.02
20,0.8,Recovery,4,20,0,8,0.02
20,0.8,Recovery,4,20,0,12,0.02
20,0.8,Recovery,4,20,0.25,4,0.14
20,0.8,Recovery,4,20,0.25,12,0.04
20,0.8,Recovery,4,20,0.5,4,0.26
20,0.8,Recovery,4,20,0.5,8,0.1
20,0.8,Recovery,4,20,0.5,12,0.04
20,0.8,Recovery,4,20,0.75,4,0.18
20,0.8,Recovery,4,20,0.75,8,0.36
20,0.8,Recovery,4,20,0.75,12,0.04
20,0.8,Recovery,6,0,0.25,4,0.04
20,0.8,Recovery,6,0,0.5,4,0.1
20,0.8,Recovery,6,0,0.5,8,0.18
20,0.8,Recovery,6,0,0.5,12,0.02
20,0.8,Recovery,6,0,0.75,4,0.2
20,0.8,Recovery,6,0,0.75,8,0.34
20,0.8,Recovery,6,0,0.75,12,0.12
20,0.8,Recovery,6,20,0,4,0.02
20,0.8,Recovery,6,20,0,8,0.02
20,0.8,Recovery,6,20,0,12,0.02
20,0.8,Recovery,6,20,0.25,4,0.24
20,0.8,Recovery,6,20,0.25,8,0.12
20,0.8,Recovery,6,20,0.5,4,0.24
20,0.8,Recovery,6,20,0.5,8,0.22
20,0.8,Recovery,6,20,0.5,12,0.08
20,0.8,Recovery,6,20,0.75,4,0.16
20,0.8,Recovery,6,20,0.75,8,0.32
20,0.8,Recovery,6,20,0.75,12,0.16
20,0.8,Resilient,4,0,0,4,0.98
20,0.8,Resilient,4,0,0,8,1
20,0.8,Resilient,4,0,0,12,1
20,0.8,Resilient,4,0,0.25,4,0.86
20,0.8,Resilient,4,0,0.25,8,1
20,0.8,Resilient,4,0,0.25,12,1
20,0.8,Resilient,4,0,0.5,4,0.44
20,0.8,Resilient,4,0,0.5,8,0.98
20,0.8,Resilient,4,0,0.5,12,1
20,0.8,Resilient,4,0,0.75,4,0.18
20,0.8,Resilient,4,0,0.75,8,0.38
20,0.8,Resilient,4,0,0.75,12,0.96
20,0.8,Resilient,4,20,0,4,0.92
20,0.8,Resilient,4,20,0,8,0.96
20,0.8,Resilient,4,20,0,12,0.98
20,0.8,Resilient,4,20,0.25,4,0.74
20,0.8,Resilient,4,20,0.25,8,0.94
20,0.8,Resilient,4,20,0.25,12,0.96
20,0.8,Resilient,4,20,0.5,4,0.4
20,0.8,Resilient,4,20,0.5,8,0.8
20,0.8,Resilient,4,20,0.5,12,0.92
20,0.8,Resilient,4,20,0.75,4,0.08
20,0.8,Resilient,4,20,0.75,8,0.22
20,0.8,Resilient,4,20,0.75,12,0.94
20,0.8,Resilient,6,0,0,4,1
20,0.8,Resilient,6,0,0,8,1
20,0.8,Resilient,6,0,0,12,1
20,0.8,Resilient,6,0,0.25,4,0.86
20,0.8,Resilient,6,0,0.25,8,1
20,0.8,Resilient,6,0,0.25,12,1
20,0.8,Resilient,6,0,0.5,4,0.72
20,0.8,Resilient,6,0,0.5,8,0.58
20,0.8,Resilient,6,0,0.5,12,0.98
20,0.8,Resilient,6,0,0.75,4,0.64
20,0.8,Resilient,6,0,0.75,8,0.14
20,0.8,Resilient,6,0,0.75,12,0.74
20,0.8,Resilient,6,20,0,4,0.92
20,0.8,Resilient,6,20,0,8,0.92
20,0.8,Resilient,6,20,0,12,0.96
20,0.8,Resilient,6,20,0.25,4,0.62
20,0.8,Resilient,6,20,0.25,8,0.8
20,0.8,Resilient,6,20,0.25,12,0.96
20,0.8,Resilient,6,20,0.5,4,0.6
20,0.8,Resilient,6,20,0.5,8,0.52
20,0.8,Resilient,6,20,0.5,12,0.9
20,0.8,Resilient,6,20,0.75,4,0.42
20,0.8,Resilient,6,20,0.75,8,0.1
20,0.8,Resilient,6,20,0.75,12,0.48
20,0.9,Chronic,4,0,0,4,0.04
20,0.9,Chronic,4,0,0.25,4,0.24
20,0.9,Chronic,4,0,0.5,4,0.56
20,0.9,Chronic,4,0,0.5,8,0.04
20,0.9,Chronic,4,0,0.75,4,0.7
20,0.9,Chronic,4,0,0.75,8,0.46
20,0.9,Chronic,4,0,0.75,12,0.08
20,0.9,Chronic,4,20,0,4,0.22
20,0.9,Chronic,4,20,0,8,0.08
20,0.9,Chronic,4,20,0,12,0.02
20,0.9,Chronic,4,20,0.25,4,0.38
20,0.9,Chronic,4,20,0.25,8,0.12
20,0.9,Chronic,4,20,0.25,12,0.06
20,0.9,Chronic,4,20,0.5,4,0.74
20,0.9,Chronic,4,20,0.5,8,0.3
20,0.9,Chronic,4,20,0.5,12,0.1
20,0.9,Chronic,4,20,0.75,4,0.42
20,0.9,Chronic,4,20,0.75,8,0.62
20,0.9,Chronic,4,20,0.75,12,0.3
20,0.9,Chronic,6,0,0.25,4,0.14
20,0.9,Chronic,6,0,0.25,8,0.02
20,0.9,Chronic,6,0,0.5,4,0.3
20,0.9,Chronic,6,0,0.5,8,0.4
20,0.9,Chronic,6,0,0.5,12,0.02
20,0.9,Chronic,6,0,0.75,4,0.64
20,0.9,Chronic,6,0,0.75,8,0.62
20,0.9,Chronic,6,0,0.75,12,0.34
20,0.9,Chronic,6,20,0,4,0.2
20,0.9,Chronic,6,20,0,8,0.12
20,0.9,Chronic,6,20,0,12,0.1
20,0.9,Chronic,6,20,0.25,4,0.34
20,0.9,Chronic,6,20,0.25,8,0.18
20,0.9,Chronic,6,20,0.25,12,0.02
20,0.9,Chronic,6,20,0.5,4,0.42
20,0.9,Chronic,6,20,0.5,8,0.46
20,0.9,Chronic,6,20,0.5,12,0.18
20,0.9,Chronic,6,20,0.75,4,0.62
20,0.9,Chronic,6,20,0.75,8,0.64
20,0.9,Chronic,6,20,0.75,12,0.38
20,0.9,Delayed,4,0,0.25,4,0.02
20,0.9,Delayed,4,0,0.5,4,0.2
20,0.9,Delayed,4,0,0.75,4,0.28
20,0.9,Delayed,4,0,0.75,8,0.24
20,0.9,Delayed,4,20,0,4,0.02
20,0.9,Delayed,4,20,0,8,0.02
20,0.9,Delayed,4,20,0.25,4,0.22
20,0.9,Delayed,4,20,0.5,4,0.22
20,0.9,Delayed,4,20,0.5,8,0.06
20,0.9,Delayed,4,20,0.75,4,0.56
20,0.9,Delayed,4,20,0.75,8,0.2
20,0.9,Delayed,4,20,0.75,12,0.04
20,0.9,Delayed,6,0,0.5,4,0.08
20,0.9,Delayed,6,0,0.5,8,0.02
20,0.9,Delayed,6,0,0.75,4,0.18
20,0.9,Delayed,6,0,0.75,8,0.08
20,0.9,Delayed,6,0,0.75,12,0.02
20,0.9,Delayed,6,20,0,4,0.02
20,0.9,Delayed,6,20,0,12,0.02
20,0.9,Delayed,6,20,0.25,4,0.12
20,0.9,Delayed,6,20,0.25,8,0.02
20,0.9,Delayed,6,20,0.5,4,0.26
20,0.9,Delayed,6,20,0.5,8,0.24
20,0.9,Delayed,6,20,0.75,4,0.32
20,0.9,Delayed,6,20,0.75,8,0.2
20,0.9,Delayed,6,20,0.75,12,0.1
20,0.9,Recovery,4,0,0.25,4,0.04
20,0.9,Recovery,4,0,0.5,4,0.06
20,0.9,Recovery,4,0,0.75,4,0.02
20,0.9,Recovery,4,0,0.75,8,0.12
20,0.9,Recovery,4,0,0.75,12,0.04
20,0.9,Recovery,4,20,0,4,0.16
20,0.9,Recovery,4,20,0,8,0.16
20,0.9,Recovery,4,20,0,12,0.08
20,0.9,Recovery,4,20,0.25,4,0.14
20,0.9,Recovery,4,20,0.25,12,0.02
20,0.9,Recovery,4,20,0.5,8,0.14
20,0.9,Recovery,4,20,0.5,12,0.06
20,0.9,Recovery,4,20,0.75,8,0.16
20,0.9,Recovery,4,20,0.75,12,0.1
20,0.9,Recovery,6,0,0,4,0.04
20,0.9,Recovery,6,0,0.25,4,0.06
20,0.9,Recovery,6,0,0.25,8,0.04
20,0.9,Recovery,6,0,0.5,4,0.1
20,0.9,Recovery,6,0,0.5,8,0.02
20,0.9,Recovery,6,0,0.75,4,0.04
20,0.9,Recovery,6,0,0.75,8,0.28
20,0.9,Recovery,6,0,0.75,12,0.12
20,0.9,Recovery,6,20,0,4,0.1
20,0.9,Recovery,6,20,0,8,0.06
20,0.9,Recovery,6,20,0,12,0.08
20,0.9,Recovery,6,20,0.25,4,0.16
20,0.9,Recovery,6,20,0.25,8,0.1
20,0.9,Recovery,6,20,0.25,12,0.04
20,0.9,Recovery,6,20,0.5,4,0.04
20,0.9,Recovery,6,20,0.5,8,0.1
20,0.9,Recovery,6,20,0.5,12,0.1
20,0.9,Recovery,6,20,0.75,8,0.16
20,0.9,Recovery,6,20,0.75,12,0.14
20,0.9,Resilient,4,0,0,4,0.96
20,0.9,Resilient,4,0,0,8,1
20,0.9,Resilient,4,0,0,12,1
20,0.9,Resilient,4,0,0.25,4,0.7
20,0.9,Resilient,4,0,0.25,8,1
20,0.9,Resilient,4,0,0.25,12,1
20,0.9,Resilient,4,0,0.5,4,0.18
20,0.9,Resilient,4,0,0.5,8,0.96
20,0.9,Resilient,4,0,0.5,12,1
20,0.9,Resilient,4,0,0.75,8,0.18
20,0.9,Resilient,4,0,0.75,12,0.88
20,0.9,Resilient,4,20,0,4,0.6
20,0.9,Resilient,4,20,0,8,0.74
20,0.9,Resilient,4,20,0,12,0.9
20,0.9,Resilient,4,20,0.25,4,0.26
20,0.9,Resilient,4,20,0.25,8,0.88
20,0.9,Resilient,4,20,0.25,12,0.92
20,0.9,Resilient,4,20,0.5,4,0.04
20,0.9,Resilient,4,20,0.5,8,0.5
20,0.9,Resilient,4,20,0.5,12,0.84
20,0.9,Resilient,4,20,0.75,4,0.02
20,0.9,Resilient,4,20,0.75,8,0.02
20,0.9,Resilient,4,20,0.75,12,0.56
20,0.9,Resilient,6,0,0,4,0.96
20,0.9,Resilient,6,0,0,8,1
20,0.9,Resilient,6,0,0,12,1
20,0.9,Resilient,6,0,0.25,4,0.8
20,0.9,Resilient,6,0,0.25,8,0.94
20,0.9,Resilient,6,0,0.25,12,1
20,0.9,Resilient,6,0,0.5,4,0.52
20,0.9,Resilient,6,0,0.5,8,0.56
20,0.9,Resilient,6,0,0.5,12,0.98
20,0.9,Resilient,6,0,0.75,4,0.14
20,0.9,Resilient,6,0,0.75,8,0.02
20,0.9,Resilient,6,0,0.75,12,0.52
20,0.9,Resilient,6,20,0,4,0.68
20,0.9,Resilient,6,20,0,8,0.82
20,0.9,Resilient,6,20,0,12,0.8
20,0.9,Resilient,6,20,0.25,4,0.38
20,0.9,Resilient,6,20,0.25,8,0.7
20,0.9,Resilient,6,20,0.25,12,0.94
20,0.9,Resilient,6,20,0.5,4,0.28
20,0.9,Resilient,6,20,0.5,8,0.2
20,0.9,Resilient,6,20,0.5,12,0.72
20,0.9,Resilient,6,20,0.75,4,0.06
20,0.9,Resilient,6,20,0.75,12,0.38
20,0.95,Chronic,4,0,0,4,0.12
20,0.95,Chronic,4,0,0.25,4,0.24
20,0.95,Chronic,4,0,0.5,4,0.28
20,0.95,Chronic,4,0,0.5,8,0.1
20,0.95,Chronic,4,0,0.75,4,0.64
20,0.95,Chronic,4,0,0.75,8,0.46
20,0.95,Chronic,4,0,0.75,12,0.18
20,0.95,Chronic,4,20,0,4,0.14
20,0.95,Chronic,4,20,0,8,0.1
20,0.95,Chronic,4,20,0,12,0.1
20,0.95,Chronic,4,20,0.25,4,0.32
20,0.95,Chronic,4,20,0.25,8,0.22
20,0.95,Chronic,4,20,0.25,12,0.14
20,0.95,Chronic,4,20,0.5,4,0.26
20,0.95,Chronic,4,20,0.5,8,0.26
20,0.95,Chronic,4,20,0.5,12,0.04
20,0.95,Chronic,4,20,0.75,4,0.42
20,0.95,Chronic,4,20,0.75,8,0.4
20,0.95,Chronic,4,20,0.75,12,0.28
20,0.95,Chronic,6,0,0,4,0.08
20,0.95,Chronic,6,0,0.25,4,0.18
20,0.95,Chronic,6,0,0.25,8,0.04
20,0.95,Chronic,6,0,0.5,4,0.3
20,0.95,Chronic,6,0,0.5,8,0.36
20,0.95,Chronic,6,0,0.5,12,0.02
20,0.95,Chronic,6,0,0.75,4,0.46
20,0.95,Chronic,6,0,0.75,8,0.62
20,0.95,Chronic,6,0,0.75,12,0.42
20,0.95,Chronic,6,20,0,4,0.16
20,0.95,Chronic,6,20,0,8,0.14
20,0.95,Chronic,6,20,0,12,0.1
20,0.95,Chronic,6,20,0.25,4,0.38
20,0.95,Chronic,6,20,0.25,8,0.2
20,0.95,Chronic,6,20,0.25,12,0.14
20,0.95,Chronic,6,20,0.5,4,0.44
20,0.95,Chronic,6,20,0.5,8,0.44
20,0.95,Chronic,6,20,0.5,12,0.14
20,0.95,Chronic,6,20,0.75,4,0.36
20,0.95,Chronic,6,20,0.75,8,0.74
20,0.95,Chronic,6,20,0.75,12,0.34
20,0.95,Delayed,4,0,0.25,4,0.28
20,0.95,Delayed,4,0,0.5,4,0.52
20,0.95,Delayed,4,0,0.75,4,0.36
20,0.95,Delayed,4,0,0.75,8,0.5
20,0.95,Delayed,4,20,0,4,0.42
20,0.95,Delayed,4,20,0,8,0.14
20,0.95,Delayed,4,20,0,12,0.14
20,0.95,Delayed,4,20,0.25,4,0.6
20,0.95,Delayed,4,20,0.25,8,0.14
20,0.95,Delayed,4,20,0.25,12,0.2
20,0.95,Delayed,4,20,0.5,4,0.7
20,0.95,Delayed,4,20,0.5,8,0.38
20,0.95,Delayed,4,20,0.5,12,0.28
20,0.95,Delayed,4,20,0.75,4,0.58
20,0.95,Delayed,4,20,0.75,8,0.54
20,0.95,Delayed,4,20,0.75,12,0.46
20,0.95,Delayed,6,0,0.25,4,0.26
20,0.95,Delayed,6,0,0.5,4,0.5
20,0.95,Delayed,6,0,0.5,8,0.38
20,0.95,Delayed,6,0,0.75,4,0.44
20,0.95,Delayed,6,0,0.75,8,0.24
20,0.95,Delayed,6,0,0.75,12,0.08
20,0.95,Delayed,6,20,0,4,0.42
20,0.95,Delayed,6,20,0,8,0.2
20,0.95,Delayed,6,20,0,12,0.08
20,0.95,Delayed,6,20,0.25,4,0.38
20,0.95,Delayed,6,20,0.25,8,0.42
20,0.95,Delayed,6,20,0.25,12,0.08
20,0.95,Delayed,6,20,0.5,4,0.42
20,0.95,Delayed,6,20,0.5,8,0.34
20,0.95,Delayed,6,20,0.5,12,0.3
20,0.95,Delayed,6,20,0.75,4,0.6
20,0.95,Delayed,6,20,0.75,8,0.24
20,0.95,Delayed,6,20,0.75,12,0.5
20,0.95,Recovery,4,0,0.25,4,0.02
20,0.95,Recovery,4,0,0.5,4,0.04
20,0.95,Recovery,4,0,0.5,8,0.02
20,0.95,Recovery,4,0,0.75,8,0.04
20,0.95,Recovery,4,20,0,12,0.02
20,0.95,Recovery,4,20,0.25,12,0.06
20,0.95,Recovery,4,20,0.5,8,0.08
20,0.95,Recovery,4,20,0.75,8,0.04
20,0.95,Recovery,6,0,0,4,0.02
20,0.95,Recovery,6,0,0.25,4,0.02
20,0.95,Recovery,6,0,0.5,4,0.04
20,0.95,Recovery,6,0,0.5,8,0.02
20,0.95,Recovery,6,0,0.75,4,0.04
20,0.95,Recovery,6,0,0.75,8,0.14
20,0.95,Recovery,6,0,0.75,12,0.02
20,0.95,Recovery,6,20,0,8,0.04
20,0.95,Recovery,6,20,0,12,0.02
20,0.95,Recovery,6,20,0.25,8,0.06
20,0.95,Recovery,6,20,0.25,12,0.02
20,0.95,Recovery,6,20,0.5,8,0.04
20,0.95,Recovery,6,20,0.5,12,0.04
20,0.95,Recovery,6,20,0.75,8,0.02
20,0.95,Recovery,6,20,0.75,12,0.08
20,0.95,Resilient,4,0,0,4,0.88
20,0.95,Resilient,4,0,0,8,1
20,0.95,Resilient,4,0,0,12,1
20,0.95,Resilient,4,0,0.25,4,0.46
20,0.95,Resilient,4,0,0.25,8,1
20,0.95,Resilient,4,0,0.25,12,1
20,0.95,Resilient,4,0,0.5,4,0.16
20,0.95,Resilient,4,0,0.5,8,0.88
20,0.95,Resilient,4,0,0.5,12,1
20,0.95,Resilient,4,0,0.75,12,0.82
20,0.95,Resilient,4,20,0,4,0.44
20,0.95,Resilient,4,20,0,8,0.76
20,0.95,Resilient,4,20,0,12,0.74
20,0.95,Resilient,4,20,0.25,4,0.08
20,0.95,Resilient,4,20,0.25,8,0.64
20,0.95,Resilient,4,20,0.25,12,0.6
20,0.95,Resilient,4,20,0.5,4,0.04
20,0.95,Resilient,4,20,0.5,8,0.28
20,0.95,Resilient,4,20,0.5,12,0.68
20,0.95,Resilient,4,20,0.75,8,0.02
20,0.95,Resilient,4,20,0.75,12,0.26
20,0.95,Resilient,6,0,0,4,0.9
20,0.95,Resilient,6,0,0,8,1
20,0.95,Resilient,6,0,0,12,1
20,0.95,Resilient,6,0,0.25,4,0.54
20,0.95,Resilient,6,0,0.25,8,0.96
20,0.95,Resilient,6,0,0.25,12,1
20,0.95,Resilient,6,0,0.5,4,0.16
20,0.95,Resilient,6,0,0.5,8,0.24
20,0.95,Resilient,6,0,0.5,12,0.98
20,0.95,Resilient,6,0,0.75,4,0.06
20,0.95,Resilient,6,0,0.75,12,0.48
20,0.95,Resilient,6,20,0,4,0.42
20,0.95,Resilient,6,20,0,8,0.62
20,0.95,Resilient,6,20,0,12,0.8
20,0.95,Resilient,6,20,0.25,4,0.24
20,0.95,Resilient,6,20,0.25,8,0.32
20,0.95,Resilient,6,20,0.25,12,0.76
20,0.95,Resilient,6,20,0.5,4,0.14
20,0.95,Resilient,6,20,0.5,8,0.18
20,0.95,Resilient,6,20,0.5,12,0.52
20,0.95,Resilient,6,20,0.75,4,0.04
20,0.95,Resilient,6,20,0.75,12,0.08
40,0.8,Chronic,4,0,0,4,0.18
40,0.8,Chronic,4,0,0.25,4,0.22
40,0.8,Chronic,4,0,0.5,4,0.3
40,0.8,Chronic,4,0,0.5,8,0.26
40,0.8,Chronic,4,0,0.75,4,0.88
40,0.8,Chronic,4,0,0.75,8,0.38
40,0.8,Chronic,4,0,0.75,12,0.28
40,0.8,Chronic,4,20,0,4,0.22
40,0.8,Chronic,4,20,0,8,0.1
40,0.8,Chronic,4,20,0,12,0.32
40,0.8,Chronic,4,20,0.25,4,0.4
40,0.8,Chronic,4,20,0.25,8,0.14
40,0.8,Chronic,4,20,0.25,12,0.22
40,0.8,Chronic,4,20,0.5,4,0.94
40,0.8,Chronic,4,20,0.5,8,0.12
40,0.8,Chronic,4,20,0.5,12,0.24
40,0.8,Chronic,4,20,0.75,4,0.9
40,0.8,Chronic,4,20,0.75,8,0.36
40,0.8,Chronic,4,20,0.75,12,0.24
40,0.8,Chronic,6,0,0,4,0.14
40,0.8,Chronic,6,0,0.25,4,0.22
40,0.8,Chronic,6,0,0.25,8,0.22
40,0.8,Chronic,6,0,0.5,4,0.24
40,0.8,Chronic,6,0,0.5,8,0.44
40,0.8,Chronic,6,0,0.5,12,0.06
40,0.8,Chronic,6,0,0.75,4,0.4
40,0.8,Chronic,6,0,0.75,8,0.4
40,0.8,Chronic,6,0,0.75,12,0.44
40,0.8,Chronic,6,20,0,4,0.16
40,0.8,Chronic,6,20,0,8,0.18
40,0.8,Chronic,6,20,0,12,0.08
40,0.8,Chronic,6,20,0.25,4,0.24
40,0.8,Chronic,6,20,0.25,8,0.26
40,0.8,Chronic,6,20,0.25,12,0.2
40,0.8,Chronic,6,20,0.5,4,0.44
40,0.8,Chronic,6,20,0.5,8,0.24
40,0.8,Chronic,6,20,0.5,12,0.14
40,0.8,Chronic,6,20,0.75,4,0.82
40,0.8,Chronic,6,20,0.75,8,0.54
40,0.8,Chronic,6,20,0.75,12,0.24
40,0.8,Delayed,4,0,0.25,4,0.06
40,0.8,Delayed,4,0,0.5,4,0.02
40,0.8,Delayed,4,0,0.5,8,0.02
40,0.8,Delayed,4,0,0.75,8,0.06
40,0.8,Delayed,4,20,0.25,12,0.02
40,0.8,Delayed,4,20,0.5,8,0.04
40,0.8,Delayed,4,20,0.75,4,0.1
40,0.8,Delayed,6,0,0.25,4,0.02
40,0.8,Delayed,6,0,0.25,8,0.02
40,0.8,Delayed,6,0,0.5,4,0.04
40,0.8,Delayed,6,0,0.5,8,0.02
40,0.8,Delayed,6,0,0.75,4,0.02
40,0.8,Delayed,6,0,0.75,8,0.02
40,0.8,Delayed,6,0,0.75,12,0.04
40,0.8,Delayed,6,20,0,8,0.04
40,0.8,Delayed,6,20,0,12,0.02
40,0.8,Delayed,6,20,0.25,4,0.02
40,0.8,Delayed,6,20,0.25,8,0.02
40,0.8,Delayed,6,20,0.25,12,0.02
40,0.8,Delayed,6,20,0.5,4,0.04
40,0.8,Delayed,6,20,0.5,8,0.02
40,0.8,Delayed,6,20,0.5,12,0.02
40,0.8,Delayed,6,20,0.75,12,0.02
40,0.8,Recovery,4,0,0,4,0.36
40,0.8,Recovery,4,0,0.25,4,0.56
40,0.8,Recovery,4,0,0.5,4,0.68
40,0.8,Recovery,4,0,0.5,8,0.16
40,0.8,Recovery,4,0,0.75,4,0.12
40,0.8,Recovery,4,0,0.75,8,0.56
40,0.8,Recovery,4,0,0.75,12,0.14
40,0.8,Recovery,4,20,0,4,0.68
40,0.8,Recovery,4,20,0,8,0.6
40,0.8,Recovery,4,20,0,12,0.3
40,0.8,Recovery,4,20,0.25,4,0.58
40,0.8,Recovery,4,20,0.25,8,0.68
40,0.8,Recovery,4,20,0.25,12,0.44
40,0.8,Recovery,4,20,0.5,4,0.06
40,0.8,Recovery,4,20,0.5,8,0.74
40,0.8,Recovery,4,20,0.5,12,0.6
40,0.8,Recovery,4,20,0.75,8,0.64
40,0.8,Recovery,4,20,0.75,12,0.7
40,0.8,Recovery,6,0,0,4,0.24
40,0.8,Recovery,6,0,0.25,4,0.52
40,0.8,Recovery,6,0,0.25,8,0.08
40,0.8,Recovery,6,0,0.5,4,0.58
40,0.8,Recovery,6,0,0.5,8,0.5
40,0.8,Recovery,6,0,0.75,4,0.58
40,0.8,Recovery,6,0,0.75,8,0.58
40,0.8,Recovery,6,0,0.75,12,0.22
40,0.8,Recovery,6,20,0,4,0.74
40,0.8,Recovery,6,20,0,8,0.52
40,0.8,Recovery,6,20,0,12,0.52
40,0.8,Recovery,6,20,0.25,4,0.74
40,0.8,Recovery,6,20,0.25,8,0.7
40,0.8,Recovery,6,20,0.25,12,0.58
40,0.8,Recovery,6,20,0.5,4,0.52
40,0.8,Recovery,6,20,0.5,8,0.74
40,0.8,Recovery,6,20,0.5,12,0.7
40,0.8,Recovery,6,20,0.75,4,0.18
40,0.8,Recovery,6,20,0.75,8,0.46
40,0.8,Recovery,6,20,0.75,12,0.7
40,0.8,Resilient,4,0,0,4,0.46
40,0.8,Resilient,4,0,0,8,1
40,0.8,Resilient,4,0,0,12,1
40,0.8,Resilient,4,0,0.25,4,0.16
40,0.8,Resilient,4,0,0.25,8,1
40,0.8,Resilient,4,0,0.25,12,1
40,0.8,Resilient,4,0,0.5,8,0.56
40,0.8,Resilient,4,0,0.5,12,1
40,0.8,Resilient,4,0,0.75,12,0.58
40,0.8,Resilient,4,20,0,4,0.1
40,0.8,Resilient,4,20,0,8,0.3
40,0.8,Resilient,4,20,0,12,0.38
40,0.8,Resilient,4,20,0.25,4,0.02
40,0.8,Resilient,4,20,0.25,8,0.18
40,0.8,Resilient,4,20,0.25,12,0.32
40,0.8,Resilient,4,20,0.5,8,0.1
40,0.8,Resilient,4,20,0.5,12,0.16
40,0.8,Resilient,4,20,0.75,12,0.06
40,0.8,Resilient,6,0,0,4,0.62
40,0.8,Resilient,6,0,0,8,1
40,0.8,Resilient,6,0,0,12,1
40,0.8,Resilient,6,0,0.25,4,0.24
40,0.8,Resilient,6,0,0.25,8,0.68
40,0.8,Resilient,6,0,0.25,12,1
40,0.8,Resilient,6,0,0.5,4,0.14
40,0.8,Resilient,6,0,0.5,8,0.04
40,0.8,Resilient,6,0,0.5,12,0.94
40,0.8,Resilient,6,0,0.75,12,0.3
40,0.8,Resilient,6,20,0,4,0.1
40,0.8,Resilient,6,20,0,8,0.26
40,0.8,Resilient,6,20,0,12,0.38
40,0.8,Resilient,6,20,0.25,8,0.02
40,0.8,Resilient,6,20,0.25,12,0.2
40,0.8,Resilient,6,20,0.5,12,0.14
40,0.8,Resilient,6,20,0.75,12,0.04
40,0.9,Chronic,4,0,0,4,0.26
40,0.9,Chronic,4,0,0.25,4,0.32
40,0.9,Chronic,4,0,0.25,8,0.02
40,0.9,Chronic,4,0,0.5,4,0.66
40,0.9,Chronic,4,0,0.5,8,0.44
40,0.9,Chronic,4,0,0.75,4,0.78
40,0.9,Chronic,4,0,0.75,8,0.5
40,0.9,Chronic,4,0,0.75,12,0.5
40,0.9,Chronic,4,20,0,4,0.64
40,0.9,Chronic,4,20,0,8,0.16
40,0.9,Chronic,4,20,0,12,0.24
40,0.9,Chronic,4,20,0.25,4,0.8
40,0.9,Chronic,4,20,0.25,8,0.34
40,0.9,Chronic,4,20,0.25,12,0.28
40,0.9,Chronic,4,20,0.5,4,0.86
40,0.9,Chronic,4,20,0.5,8,0.4
40,0.9,Chronic,4,20,0.5,12,0.24
40,0.9,Chronic,4,20,0.75,4,0.84
40,0.9,Chronic,4,20,0.75,8,0.64
40,0.9,Chronic,4,20,0.75,12,0.36
40,0.9,Chronic,6,0,0,4,0.44
40,0.9,Chronic,6,0,0,8,0.02
40,0.9,Chronic,6,0,0.25,4,0.36
40,0.9,Chronic,6,0,0.25,8,0.28
40,0.9,Chronic,6,0,0.5,4,0.56
40,0.9,Chronic,6,0,0.5,8,0.46
40,0.9,Chronic,6,0,0.5,12,0.16
40,0.9,Chronic,6,0,0.75,4,0.48
40,0.9,Chronic,6,0,0.75,8,0.44
40,0.9,Chronic,6,0,0.75,12,0.58
40,0.9,Chronic,6,20,0,4,0.72
40,0.9,Chronic,6,20,0,8,0.32
40,0.9,Chronic,6,20,0,12,0.26
40,0.9,Chronic,6,20,0.25,4,0.82
40,0.9,Chronic,6,20,0.25,8,0.42
40,0.9,Chronic,6,20,0.25,12,0.26
40,0.9,Chronic,6,20,0.5,4,0.94
40,0.9,Chronic,6,20,0.5,8,0.48
40,0.9,Chronic,6,20,0.5,12,0.2
40,0.9,Chronic,6,20,0.75,4,0.84
40,0.9,Chronic,6,20,0.75,8,0.84
40,0.9,Chronic,6,20,0.75,12,0.28
40,0.9,Delayed,4,0,0,4,0.14
40,0.9,Delayed,4,0,0.25,4,0.18
40,0.9,Delayed,4,0,0.5,4,0.02
40,0.9,Delayed,4,0,0.5,8,0.1
40,0.9,Delayed,4,0,0.75,8,0.04
40,0.9,Delayed,4,0,0.75,12,0.1
40,0.9,Delayed,4,20,0,4,0.14
40,0.9,Delayed,4,20,0,8,0.1
40,0.9,Delayed,4,20,0,12,0.2
40,0.9,Delayed,4,20,0.25,4,0.08
40,0.9,Delayed,4,20,0.25,8,0.06
40,0.9,Delayed,4,20,0.25,12,0.2
40,0.9,Delayed,4,20,0.5,4,0.1
40,0.9,Delayed,4,20,0.5,8,0.04
40,0.9,Delayed,4,20,0.5,12,0.18
40,0.9,Delayed,4,20,0.75,4,0.16
40,0.9,Delayed,4,20,0.75,8,0.02
40,0.9,Delayed,4,20,0.75,12,0.06
40,0.9,Delayed,6,0,0,4,0.16
40,0.9,Delayed,6,0,0.25,4,0.12
40,0.9,Delayed,6,0,0.25,8,0.06
40,0.9,Delayed,6,0,0.5,4,0.06
40,0.9,Delayed,6,0,0.5,8,0.02
40,0.9,Delayed,6,0,0.75,12,0.12
40,0.9,Delayed,6,20,0,4,0.1
40,0.9,Delayed,6,20,0,8,0.08
40,0.9,Delayed,6,20,0,12,0.14
40,0.9,Delayed,6,20,0.25,4,0.06
40,0.9,Delayed,6,20,0.25,8,0.02
40,0.9,Delayed,6,20,0.25,12,0.12
40,0.9,Delayed,6,20,0.5,8,0.06
40,0.9,Delayed,6,20,0.5,12,0.1
40,0.9,Delayed,6,20,0.75,4,0.14
40,0.9,Delayed,6,20,0.75,12,0.08
40,0.9,Recovery,4,0,0,4,0.36
40,0.9,Recovery,4,0,0.25,4,0.5
40,0.9,Recovery,4,0,0.5,4,0.32
40,0.9,Recovery,4,0,0.5,8,0.26
40,0.9,Recovery,4,0,0.75,4,0.22
40,0.9,Recovery,4,0,0.75,8,0.46
40,0.9,Recovery,4,0,0.75,12,0.08
40,0.9,Recovery,4,20,0,4,0.2
40,0.9,Recovery,4,20,0,8,0.64
40,0.9,Recovery,4,20,0,12,0.52
40,0.9,Recovery,4,20,0.25,4,0.12
40,0.9,Recovery,4,20,0.25,8,0.56
40,0.9,Recovery,4,20,0.25,12,0.48
40,0.9,Recovery,4,20,0.5,4,0.04
40,0.9,Recovery,4,20,0.5,8,0.54
40,0.9,Recovery,4,20,0.5,12,0.58
40,0.9,Recovery,4,20,0.75,8,0.34
40,0.9,Recovery,4,20,0.75,12,0.58
40,0.9,Recovery,6,0,0,4,0.24
40,0.9,Recovery,6,0,0.25,4,0.52
40,0.9,Recovery,6,0,0.25,8,0.3
40,0.9,Recovery,6,0,0.5,4,0.38
40,0.9,Recovery,6,0,0.5,8,0.52
40,0.9,Recovery,6,0,0.5,12,0.08
40,0.9,Recovery,6,0,0.75,4,0.52
40,0.9,Recovery,6,0,0.75,8,0.56
40,0.9,Recovery,6,0,0.75,12,0.24
40,0.9,Recovery,6,20,0,4,0.18
40,0.9,Recovery,6,20,0,8,0.58
40,0.9,Recovery,6,20,0,12,0.46
40,0.9,Recovery,6,20,0.25,4,0.12
40,0.9,Recovery,6,20,0.25,8,0.54
40,0.9,Recovery,6,20,0.25,12,0.54
40,0.9,Recovery,6,20,0.5,4,0.06
40,0.9,Recovery,6,20,0.5,8,0.46
40,0.9,Recovery,6,20,0.5,12,0.66
40,0.9,Recovery,6,20,0.75,4,0.02
40,0.9,Recovery,6,20,0.75,8,0.16
40,0.9,Recovery,6,20,0.75,12,0.64
40,0.9,Resilient,4,0,0,4,0.24
40,0.9,Resilient,4,0,0,8,1
40,0.9,Resilient,4,0,0,12,1
40,0.9,Resilient,4,0,0.25,8,0.98
40,0.9,Resilient,4,0,0.25,12,1
40,0.9,Resilient,4,0,0.5,8,0.2
40,0.9,Resilient,4,0,0.5,12,1
40,0.9,Resilient,4,0,0.75,12,0.32
40,0.9,Resilient,4,20,0,4,0.02
40,0.9,Resilient,4,20,0,8,0.1
40,0.9,Resilient,4,20,0,12,0.04
40,0.9,Resilient,4,20,0.25,8,0.04
40,0.9,Resilient,4,20,0.25,12,0.04
40,0.9,Resilient,4,20,0.5,8,0.02
40,0.9,Resilient,6,0,0,4,0.16
40,0.9,Resilient,6,0,0,8,0.98
40,0.9,Resilient,6,0,0,12,1
40,0.9,Resilient,6,0,0.25,8,0.36
40,0.9,Resilient,6,0,0.25,12,1
40,0.9,Resilient,6,0,0.5,12,0.76
40,0.9,Resilient,6,0,0.75,12,0.06
40,0.9,Resilient,6,20,0,8,0.02
40,0.9,Resilient,6,20,0,12,0.14
40,0.9,Resilient,6,20,0.25,8,0.02
40,0.9,Resilient,6,20,0.25,12,0.08
40,0.9,Resilient,6,20,0.5,12,0.04
40,0.95,Chronic,4,0,0,4,0.34
40,0.95,Chronic,4,0,0.25,4,0.66
40,0.95,Chronic,4,0,0.25,8,0.04
40,0.95,Chronic,4,0,0.5,4,0.56
40,0.95,Chronic,4,0,0.5,8,0.5
40,0.95,Chronic,4,0,0.75,4,0.76
40,0.95,Chronic,4,0,0.75,8,0.58
40,0.95,Chronic,4,0,0.75,12,0.5
40,0.95,Chronic,4,20,0,4,0.8
40,0.95,Chronic,4,20,0,8,0.5
40,0.95,Chronic,4,20,0,12,0.36
40,0.95,Chronic,4,20,0.25,4,0.82
40,0.95,Chronic,4,20,0.25,8,0.42
40,0.95,Chronic,4,20,0.25,12,0.48
40,0.95,Chronic,4,20,0.5,4,0.84
40,0.95,Chronic,4,20,0.5,8,0.54
40,0.95,Chronic,4,20,0.5,12,0.36
40,0.95,Chronic,4,20,0.75,4,0.88
40,0.95,Chronic,4,20,0.75,8,0.64
40,0.95,Chronic,4,20,0.75,12,0.56
40,0.95,Chronic,6,0,0,4,0.4
40,0.95,Chronic,6,0,0,8,0.08
40,0.95,Chronic,6,0,0.25,4,0.5
40,0.95,Chronic,6,0,0.25,8,0.42
40,0.95,Chronic,6,0,0.5,4,0.54
40,0.95,Chronic,6,0,0.5,8,0.62
40,0.95,Chronic,6,0,0.5,12,0.24
40,0.95,Chronic,6,0,0.75,4,0.6
40,0.95,Chronic,6,0,0.75,8,0.42
40,0.95,Chronic,6,0,0.75,12,0.66
40,0.95,Chronic,6,20,0,4,0.74
40,0.95,Chronic,6,20,0,8,0.42
40,0.95,Chronic,6,20,0,12,0.46
40,0.95,Chronic,6,20,0.25,4,0.78
40,0.95,Chronic,6,20,0.25,8,0.56
40,0.95,Chronic,6,20,0.25,12,0.5
40,0.95,Chronic,6,20,0.5,4,0.86
40,0.95,Chronic,6,20,0.5,8,0.7
40,0.95,Chronic,6,20,0.5,12,0.5
40,0.95,Chronic,6,20,0.75,4,0.9
40,0.95,Chronic,6,20,0.75,8,0.84
40,0.95,Chronic,6,20,0.75,12,0.44
40,0.95,Delayed,4,0,0,4,0.22
40,0.95,Delayed,4,0,0.25,4,0.1
40,0.95,Delayed,4,0,0.5,4,0.06
40,0.95,Delayed,4,0,0.5,8,0.34
40,0.95,Delayed,4,0,0.75,8,0.08
40,0.95,Delayed,4,0,0.75,12,0.28
40,0.95,Delayed,4,20,0,4,0.08
40,0.95,Delayed,4,20,0,8,0.16
40,0.95,Delayed,4,20,0,12,0.24
40,0.95,Delayed,4,20,0.25,4,0.06
40,0.95,Delayed,4,20,0.25,8,0.16
40,0.95,Delayed,4,20,0.25,12,0.28
40,0.95,Delayed,4,20,0.5,8,0.02
40,0.95,Delayed,4,20,0.5,12,0.16
40,0.95,Delayed,4,20,0.75,8,0.02
40,0.95,Delayed,4,20,0.75,12,0.06
40,0.95,Delayed,6,0,0,4,0.4
40,0.95,Delayed,6,0,0.25,4,0.24
40,0.95,Delayed,6,0,0.25,8,0.34
40,0.95,Delayed,6,0,0.5,4,0.1
40,0.95,Delayed,6,0,0.5,8,0.1
40,0.95,Delayed,6,0,0.5,12,0.04
40,0.95,Delayed,6,0,0.75,4,0.04
40,0.95,Delayed,6,0,0.75,12,0.22
40,0.95,Delayed,6,20,0,4,0.08
40,0.95,Delayed,6,20,0,8,0.16
40,0.95,Delayed,6,20,0,12,0.22
40,0.95,Delayed,6,20,0.25,4,0.1
40,0.95,Delayed,6,20,0.25,8,0.22
40,0.95,Delayed,6,20,0.25,12,0.1
40,0.95,Delayed,6,20,0.5,4,0.02
40,0.95,Delayed,6,20,0.5,8,0.02
40,0.95,Delayed,6,20,0.5,12,0.04
40,0.95,Delayed,6,20,0.75,8,0.02
40,0.95,Delayed,6,20,0.75,12,0.14
40,0.95,Recovery,4,0,0,4,0.24
40,0.95,Recovery,4,0,0.25,4,0.24
40,0.95,Recovery,4,0,0.5,4,0.38
40,0.95,Recovery,4,0,0.5,8,0.04
40,0.95,Recovery,4,0,0.75,4,0.24
40,0.95,Recovery,4,0,0.75,8,0.34
40,0.95,Recovery,4,0,0.75,12,0.02
40,0.95,Recovery,4,20,0,4,0.12
40,0.95,Recovery,4,20,0,8,0.32
40,0.95,Recovery,4,20,0,12,0.34
40,0.95,Recovery,4,20,0.25,4,0.12
40,0.95,Recovery,4,20,0.25,8,0.38
40,0.95,Recovery,4,20,0.25,12,0.22
40,0.95,Recovery,4,20,0.5,4,0.16
40,0.95,Recovery,4,20,0.5,8,0.42
40,0.95,Recovery,4,20,0.5,12,0.42
40,0.95,Recovery,4,20,0.75,4,0.12
40,0.95,Recovery,4,20,0.75,8,0.34
40,0.95,Recovery,4,20,0.75,12,0.38
40,0.95,Recovery,6,0,0,4,0.18
40,0.95,Recovery,6,0,0,8,0.02
40,0.95,Recovery,6,0,0.25,4,0.26
40,0.95,Recovery,6,0,0.25,8,0.04
40,0.95,Recovery,6,0,0.5,4,0.36
40,0.95,Recovery,6,0,0.5,8,0.28
40,0.95,Recovery,6,0,0.75,4,0.36
40,0.95,Recovery,6,0,0.75,8,0.58
40,0.95,Recovery,6,0,0.75,12,0.06
40,0.95,Recovery,6,20,0,4,0.18
40,0.95,Recovery,6,20,0,8,0.4
40,0.95,Recovery,6,20,0,12,0.32
40,0.95,Recovery,6,20,0.25,4,0.12
40,0.95,Recovery,6,20,0.25,8,0.22
40,0.95,Recovery,6,20,0.25,12,0.4
40,0.95,Recovery,6,20,0.5,4,0.12
40,0.95,Recovery,6,20,0.5,8,0.28
40,0.95,Recovery,6,20,0.5,12,0.46
40,0.95,Recovery,6,20,0.75,4,0.1
40,0.95,Recovery,6,20,0.75,8,0.14
40,0.95,Recovery,6,20,0.75,12,0.42
40,0.95,Resilient,4,0,0,4,0.2
40,0.95,Resilient,4,0,0,8,1
40,0.95,Resilient,4,0,0,12,1
40,0.95,Resilient,4,0,0.25,8,0.96
40,0.95,Resilient,4,0,0.25,12,1
40,0.95,Resilient,4,0,0.5,8,0.12
40,0.95,Resilient,4,0,0.5,12,1
40,0.95,Resilient,4,0,0.75,12,0.2
40,0.95,Resilient,4,20,0,8,0.02
40,0.95,Resilient,4,20,0,12,0.06
40,0.95,Resilient,4,20,0.25,8,0.04
40,0.95,Resilient,4,20,0.25,12,0.02
40,0.95,Resilient,4,20,0.5,8,0.02
40,0.95,Resilient,4,20,0.5,12,0.06
40,0.95,Resilient,6,0,0,4,0.02
40,0.95,Resilient,6,0,0,8,0.9
40,0.95,Resilient,6,0,0,12,1
40,0.95,Resilient,6,0,0.25,8,0.2
40,0.95,Resilient,6,0,0.25,12,1
40,0.95,Resilient,6,0,0.5,12,0.72
40,0.95,Resilient,6,0,0.75,12,0.06
40,0.95,Resilient,6,20,0,8,0.02
60,0.8,Chronic,4,0,0,4,0.16
60,0.8,Chronic,4,0,0.25,4,0.18
60,0.8,Chronic,4,0,0.25,8,0.1
60,0.8,Chronic,4,0,0.5,4,0.46
60,0.8,Chronic,4,0,0.5,8,0.32
60,0.8,Chronic,4,0,0.5,12,0.02
60,0.8,Chronic,4,0,0.75,4,0.64
60,0.8,Chronic,4,0,0.75,8,0.42
60,0.8,Chronic,4,0,0.75,12,0.48
60,0.8,Chronic,4,20,0,4,0.1
60,0.8,Chronic,4,20,0,8,0.08
60,0.8,Chronic,4,20,0,12,0.06
60,0.8,Chronic,4,20,0.25,4,0.62
60,0.8,Chronic,4,20,0.25,8,0.14
60,0.8,Chronic,4,20,0.25,12,0.08
60,0.8,Chronic,4,20,0.5,4,0.98
60,0.8,Chronic,4,20,0.5,8,0.04
60,0.8,Chronic,4,20,0.5,12,0.12
60,0.8,Chronic,4,20,0.75,4,0.88
60,0.8,Chronic,4,20,0.75,8,0.3
60,0.8,Chronic,4,20,0.75,12,0.08
60,0.8,Chronic,6,0,0,4,0.18
60,0.8,Chronic,6,0,0,8,0.1
60,0.8,Chronic,6,0,0.25,4,0.2
60,0.8,Chronic,6,0,0.25,8,0.22
60,0.8,Chronic,6,0,0.5,4,0.18
60,0.8,Chronic,6,0,0.5,8,0.14
60,0.8,Chronic,6,0,0.5,12,0.34
60,0.8,Chronic,6,0,0.75,4,0.24
60,0.8,Chronic,6,0,0.75,8,0.34
60,0.8,Chronic,6,0,0.75,12,0.46
60,0.8,Chronic,6,20,0,4,0.08
60,0.8,Chronic,6,20,0,8,0.06
60,0.8,Chronic,6,20,0,12,0.04
60,0.8,Chronic,6,20,0.25,4,0.48
60,0.8,Chronic,6,20,0.25,8,0.12
60,0.8,Chronic,6,20,0.25,12,0.14
60,0.8,Chronic,6,20,0.5,4,0.92
60,0.8,Chronic,6,20,0.5,8,0.26
60,0.8,Chronic,6,20,0.5,12,0.1
60,0.8,Chronic,6,20,0.75,4,0.92
60,0.8,Chronic,6,20,0.75,8,0.66
60,0.8,Chronic,6,20,0.75,12,0.08
60,0.8,Delayed,4,0,0.5,8,0.04
60,0.8,Delayed,4,0,0.75,12,0.02
60,0.8,Delayed,4,20,0,8,0.02
60,0.8,Delayed,4,20,0,12,0.02
60,0.8,Delayed,4,20,0.25,12,0.02
60,0.8,Delayed,4,20,0.75,4,0.12
60,0.8,Delayed,6,0,0.25,4,0.02
60,0.8,Delayed,6,0,0.25,8,0.02
60,0.8,Delayed,6,20,0,8,0.02
60,0.8,Delayed,6,20,0,12,0.02
60,0.8,Delayed,6,20,0.25,12,0.02
60,0.8,Delayed,6,20,0.75,4,0.04
60,0.8,Recovery,4,0,0,4,0.7
60,0.8,Recovery,4,0,0.25,4,0.82
60,0.8,Recovery,4,0,0.25,8,0.02
60,0.8,Recovery,4,0,0.5,4,0.54
60,0.8,Recovery,4,0,0.5,8,0.6
60,0.8,Recovery,4,0,0.5,12,0.02
60,0.8,Recovery,4,0,0.75,4,0.36
60,0.8,Recovery,4,0,0.75,8,0.58
60,0.8,Recovery,4,0,0.75,12,0.18
60,0.8,Recovery,4,20,0,4,0.9
60,0.8,Recovery,4,20,0,8,0.84
60,0.8,Recovery,4,20,0,12,0.88
60,0.8,Recovery,4,20,0.25,4,0.38
60,0.8,Recovery,4,20,0.25,8,0.86
60,0.8,Recovery,4,20,0.25,12,0.9
60,0.8,Recovery,4,20,0.5,4,0.02
60,0.8,Recovery,4,20,0.5,8,0.96
60,0.8,Recovery,4,20,0.5,12,0.88
60,0.8,Recovery,4,20,0.75,8,0.7
60,0.8,Recovery,4,20,0.75,12,0.92
60,0.8,Recovery,6,0,0,4,0.66
60,0.8,Recovery,6,0,0,8,0.1
60,0.8,Recovery,6,0,0.25,4,0.76
60,0.8,Recovery,6,0,0.25,8,0.6
60,0.8,Recovery,6,0,0.5,4,0.82
60,0.8,Recovery,6,0,0.5,8,0.84
60,0.8,Recovery,6,0,0.5,12,0.14
60,0.8,Recovery,6,0,0.75,4,0.76
60,0.8,Recovery,6,0,0.75,8,0.66
60,0.8,Recovery,6,0,0.75,12,0.44
60,0.8,Recovery,6,20,0,4,0.92
60,0.8,Recovery,6,20,0,8,0.9
60,0.8,Recovery,6,20,0,12,0.86
60,0.8,Recovery,6,20,0.25,4,0.52
60,0.8,Recovery,6,20,0.25,8,0.88
60,0.8,Recovery,6,20,0.25,12,0.8
60,0.8,Recovery,6,20,0.5,4,0.08
60,0.8,Recovery,6,20,0.5,8,0.74
60,0.8,Recovery,6,20,0.5,12,0.88
60,0.8,Recovery,6,20,0.75,4,0.04
60,0.8,Recovery,6,20,0.75,8,0.34
60,0.8,Recovery,6,20,0.75,12,0.92
60,0.8,Resilient,4,0,0,4,0.14
60,0.8,Resilient,4,0,0,8,1
60,0.8,Resilient,4,0,0,12,1
60,0.8,Resilient,4,0,0.25,8,0.88
60,0.8,Resilient,4,0,0.25,12,1
60,0.8,Resilient,4,0,0.5,8,0.04
60,0.8,Resilient,4,0,0.5,12,0.96
60,0.8,Resilient,4,0,0.75,12,0.32
60,0.8,Resilient,4,20,0,8,0.06
60,0.8,Resilient,4,20,0,12,0.04
60,0.8,Resilient,6,0,0,4,0.16
60,0.8,Resilient,6,0,0,8,0.8
60,0.8,Resilient,6,0,0,12,1
60,0.8,Resilient,6,0,0.25,4,0.02
60,0.8,Resilient,6,0,0.25,8,0.16
60,0.8,Resilient,6,0,0.25,12,1
60,0.8,Resilient,6,0,0.5,8,0.02
60,0.8,Resilient,6,0,0.5,12,0.52
60,0.8,Resilient,6,0,0.75,12,0.1
60,0.8,Resilient,6,20,0,8,0.02
60,0.8,Resilient,6,20,0,12,0.08
60,0.8,Resilient,6,20,0.25,12,0.04
60,0.8,Resilient,6,20,0.5,12,0.02
60,0.9,Chronic,4,0,0,4,0.24
60,0.9,Chronic,4,0,0.25,4,0.4
60,0.9,Chronic,4,0,0.25,8,0.14
60,0.9,Chronic,4,0,0.5,4,0.48
60,0.9,Chronic,4,0,0.5,8,0.36
60,0.9,Chronic,4,0,0.5,12,0.04
60,0.9,Chronic,4,0,0.75,4,0.56
60,0.9,Chronic,4,0,0.75,8,0.28
60,0.9,Chronic,4,0,0.75,12,0.66
60,0.9,Chronic,4,20,0,4,0.64
60,0.9,Chronic,4,20,0,8,0.12
60,0.9,Chronic,4,20,0,12,0.24
60,0.9,Chronic,4,20,0.25,4,0.8
60,0.9,Chronic,4,20,0.25,8,0.22
60,0.9,Chronic,4,20,0.25,12,0.2
60,0.9,Chronic,4,20,0.5,4,0.9
60,0.9,Chronic,4,20,0.5,8,0.32
60,0.9,Chronic,4,20,0.5,12,0.12
60,0.9,Chronic,4,20,0.75,4,0.94
60,0.9,Chronic,4,20,0.75,8,0.42
60,0.9,Chronic,4,20,0.75,12,0.14
60,0.9,Chronic,6,0,0,4,0.26
60,0.9,Chronic,6,0,0,8,0.2
60,0.9,Chronic,6,0,0.25,4,0.2
60,0.9,Chronic,6,0,0.25,8,0.34
60,0.9,Chronic,6,0,0.5,4,0.34
60,0.9,Chronic,6,0,0.5,8,0.3
60,0.9,Chronic,6,0,0.5,12,0.28
60,0.9,Chronic,6,0,0.75,4,0.5
60,0.9,Chronic,6,0,0.75,8,0.24
60,0.9,Chronic,6,0,0.75,12,0.56
60,0.9,Chronic,6,20,0,4,0.76
60,0.9,Chronic,6,20,0,8,0.28
60,0.9,Chronic,6,20,0,12,0.22
60,0.9,Chronic,6,20,0.25,4,0.8
60,0.9,Chronic,6,20,0.25,8,0.16
60,0.9,Chronic,6,20,0.25,12,0.28
60,0.9,Chronic,6,20,0.5,4,0.9
60,0.9,Chronic,6,20,0.5,8,0.42
60,0.9,Chronic,6,20,0.5,12,0.12
60,0.9,Chronic,6,20,0.75,4,0.9
60,0.9,Chronic,6,20,0.75,8,0.68
60,0.9,Chronic,6,20,0.75,12,0.22
60,0.9,Delayed,4,0,0,4,0.04
60,0.9,Delayed,4,0,0.5,8,0.06
60,0.9,Delayed,4,0,0.75,12,0.16
60,0.9,Delayed,4,20,0,8,0.02
60,0.9,Delayed,4,20,0.25,8,0.04
60,0.9,Delayed,4,20,0.25,12,0.02
60,0.9,Delayed,6,0,0,4,0.02
60,0.9,Delayed,6,0,0.25,8,0.14
60,0.9,Delayed,6,0,0.5,12,0.1
60,0.9,Delayed,6,0,0.75,12,0.06
60,0.9,Delayed,6,20,0,12,0.1
60,0.9,Delayed,6,20,0.25,12,0.02
60,0.9,Delayed,6,20,0.75,4,0.02
60,0.9,Recovery,4,0,0,4,0.7
60,0.9,Recovery,4,0,0.25,4,0.6
60,0.9,Recovery,4,0,0.25,8,0.06
60,0.9,Recovery,4,0,0.5,4,0.52
60,0.9,Recovery,4,0,0.5,8,0.54
60,0.9,Recovery,4,0,0.5,12,0.04
60,0.9,Recovery,4,0,0.75,4,0.44
60,0.9,Recovery,4,0,0.75,8,0.72
60,0.9,Recovery,4,0,0.75,12,0.14
60,0.9,Recovery,4,20,0,4,0.36
60,0.9,Recovery,4,20,0,8,0.86
60,0.9,Recovery,4,20,0,12,0.76
60,0.9,Recovery,4,20,0.25,4,0.2
60,0.9,Recovery,4,20,0.25,8,0.74
60,0.9,Recovery,4,20,0.25,12,0.78
60,0.9,Recovery,4,20,0.5,4,0.1
60,0.9,Recovery,4,20,0.5,8,0.68
60,0.9,Recovery,4,20,0.5,12,0.88
60,0.9,Recovery,4,20,0.75,4,0.06
60,0.9,Recovery,4,20,0.75,8,0.58
60,0.9,Recovery,4,20,0.75,12,0.86
60,0.9,Recovery,6,0,0,4,0.72
60,0.9,Recovery,6,0,0,8,0.2
60,0.9,Recovery,6,0,0.25,4,0.8
60,0.9,Recovery,6,0,0.25,8,0.48
60,0.9,Recovery,6,0,0.5,4,0.66
60,0.9,Recovery,6,0,0.5,8,0.7
60,0.9,Recovery,6,0,0.5,12,0.1
60,0.9,Recovery,6,0,0.75,4,0.5
60,0.9,Recovery,6,0,0.75,8,0.76
60,0.9,Recovery,6,0,0.75,12,0.34
60,0.9,Recovery,6,20,0,4,0.24
60,0.9,Recovery,6,20,0,8,0.72
60,0.9,Recovery,6,20,0,12,0.68
60,0.9,Recovery,6,20,0.25,4,0.2
60,0.9,Recovery,6,20,0.25,8,0.84
60,0.9,Recovery,6,20,0.25,12,0.7
60,0.9,Recovery,6,20,0.5,4,0.1
60,0.9,Recovery,6,20,0.5,8,0.58
60,0.9,Recovery,6,20,0.5,12,0.88
60,0.9,Recovery,6,20,0.75,4,0.08
60,0.9,Recovery,6,20,0.75,8,0.32
60,0.9,Recovery,6,20,0.75,12,0.78
60,0.9,Resilient,4,0,0,4,0.02
60,0.9,Resilient,4,0,0,8,1
60,0.9,Resilient,4,0,0,12,1
60,0.9,Resilient,4,0,0.25,8,0.8
60,0.9,Resilient,4,0,0.25,12,1
60,0.9,Resilient,4,0,0.5,8,0.04
60,0.9,Resilient,4,0,0.5,12,0.92
60,0.9,Resilient,4,0,0.75,12,0.04
60,0.9,Resilient,6,0,0,8,0.6
60,0.9,Resilient,6,0,0,12,1
60,0.9,Resilient,6,0,0.25,8,0.04
60,0.9,Resilient,6,0,0.25,12,1
60,0.9,Resilient,6,0,0.5,12,0.52
60,0.9,Resilient,6,0,0.75,12,0.04
60,0.95,Chronic,4,0,0,4,0.44
60,0.95,Chronic,4,0,0.25,4,0.5
60,0.95,Chronic,4,0,0.25,8,0.2
60,0.95,Chronic,4,0,0.5,4,0.6
60,0.95,Chronic,4,0,0.5,8,0.56
60,0.95,Chronic,4,0,0.5,12,0.04
60,0.95,Chronic,4,0,0.75,4,0.62
60,0.95,Chronic,4,0,0.75,8,0.42
60,0.95,Chronic,4,0,0.75,12,0.52
60,0.95,Chronic,4,20,0,4,0.5
60,0.95,Chronic,4,20,0,8,0.16
60,0.95,Chronic,4,20,0,12,0.62
60,0.95,Chronic,4,20,0.25,4,0.48
60,0.95,Chronic,4,20,0.25,8,0.32
60,0.95,Chronic,4,20,0.25,12,0.48
60,0.95,Chronic,4,20,0.5,4,0.46
60,0.95,Chronic,4,20,0.5,8,0.34
60,0.95,Chronic,4,20,0.5,12,0.34
60,0.95,Chronic,4,20,0.75,4,0.66
60,0.95,Chronic,4,20,0.75,8,0.3
60,0.95,Chronic,4,20,0.75,12,0.36
60,0.95,Chronic,6,0,0,4,0.48
60,0.95,Chronic,6,0,0,8,0.14
60,0.95,Chronic,6,0,0.25,4,0.44
60,0.95,Chronic,6,0,0.25,8,0.46
60,0.95,Chronic,6,0,0.5,4,0.5
60,0.95,Chronic,6,0,0.5,8,0.36
60,0.95,Chronic,6,0,0.5,12,0.38
60,0.95,Chronic,6,0,0.75,4,0.54
60,0.95,Chronic,6,0,0.75,8,0.28
60,0.95,Chronic,6,0,0.75,12,0.62
60,0.95,Chronic,6,20,0,4,0.46
60,0.95,Chronic,6,20,0,8,0.2
60,0.95,Chronic,6,20,0,12,0.52
60,0.95,Chronic,6,20,0.25,4,0.62
60,0.95,Chronic,6,20,0.25,8,0.28
60,0.95,Chronic,6,20,0.25,12,0.5
60,0.95,Chronic,6,20,0.5,4,0.48
60,0.95,Chronic,6,20,0.5,8,0.36
60,0.95,Chronic,6,20,0.5,12,0.42
60,0.95,Chronic,6,20,0.75,4,0.56
60,0.95,Chronic,6,20,0.75,8,0.36
60,0.95,Chronic,6,20,0.75,12,0.34
60,0.95,Delayed,4,0,0,4,0.1
60,0.95,Delayed,4,0,0.25,8,0.1
60,0.95,Delayed,4,0,0.5,8,0.16
60,0.95,Delayed,4,0,0.75,12,0.38
60,0.95,Delayed,4,20,0.25,8,0.02
60,0.95,Delayed,4,20,0.25,12,0.08
60,0.95,Delayed,4,20,0.5,12,0.02
60,0.95,Delayed,4,20,0.75,12,0.02
60,0.95,Delayed,6,0,0,4,0.06
60,0.95,Delayed,6,0,0,8,0.12
60,0.95,Delayed,6,0,0.25,8,0.14
60,0.95,Delayed,6,0,0.5,8,0.02
60,0.95,Delayed,6,0,0.5,12,0.34
60,0.95,Delayed,6,0,0.75,12,0.14
60,0.95,Delayed,6,20,0.25,8,0.04
60,0.95,Delayed,6,20,0.5,12,0.02
60,0.95,Recovery,4,0,0,4,0.46
60,0.95,Recovery,4,0,0.25,4,0.5
60,0.95,Recovery,4,0,0.25,8,0.04
60,0.95,Recovery,4,0,0.5,4,0.4
60,0.95,Recovery,4,0,0.5,8,0.28
60,0.95,Recovery,4,0,0.5,12,0.02
60,0.95,Recovery,4,0,0.75,4,0.38
60,0.95,Recovery,4,0,0.75,8,0.58
60,0.95,Recovery,4,0,0.75,12,0.08
60,0.95,Recovery,4,20,0,4,0.5
60,0.95,Recovery,4,20,0,8,0.84
60,0.95,Recovery,4,20,0,12,0.38
60,0.95,Recovery,4,20,0.25,4,0.52
60,0.95,Recovery,4,20,0.25,8,0.66
60,0.95,Recovery,4,20,0.25,12,0.44
60,0.95,Recovery,4,20,0.5,4,0.54
60,0.95,Recovery,4,20,0.5,8,0.66
60,0.95,Recovery,4,20,0.5,12,0.64
60,0.95,Recovery,4,20,0.75,4,0.34
60,0.95,Recovery,4,20,0.75,8,0.7
60,0.95,Recovery,4,20,0.75,12,0.62
60,0.95,Recovery,6,0,0,4,0.46
60,0.95,Recovery,6,0,0,8,0.06
60,0.95,Recovery,6,0,0.25,4,0.56
60,0.95,Recovery,6,0,0.25,8,0.38
60,0.95,Recovery,6,0,0.5,4,0.5
60,0.95,Recovery,6,0,0.5,8,0.62
60,0.95,Recovery,6,0,0.5,12,0.04
60,0.95,Recovery,6,0,0.75,4,0.46
60,0.95,Recovery,6,0,0.75,8,0.72
60,0.95,Recovery,6,0,0.75,12,0.24
60,0.95,Recovery,6,20,0,4,0.54
60,0.95,Recovery,6,20,0,8,0.8
60,0.95,Recovery,6,20,0,12,0.48
60,0.95,Recovery,6,20,0.25,4,0.38
60,0.95,Recovery,6,20,0.25,8,0.68
60,0.95,Recovery,6,20,0.25,12,0.5
60,0.95,Recovery,6,20,0.5,4,0.52
60,0.95,Recovery,6,20,0.5,8,0.64
60,0.95,Recovery,6,20,0.5,12,0.56
60,0.95,Recovery,6,20,0.75,4,0.44
60,0.95,Recovery,6,20,0.75,8,0.64
60,0.95,Recovery,6,20,0.75,12,0.66
60,0.95,Resilient,4,0,0,8,1
60,0.95,Resilient,4,0,0,12,1
60,0.95,Resilient,4,0,0.25,8,0.66
60,0.95,Resilient,4,0,0.25,12,1
60,0.95,Resilient,4,0,0.5,12,0.94
60,0.95,Resilient,4,0,0.75,12,0.02
60,0.95,Resilient,6,0,0,8,0.68
60,0.95,Resilient,6,0,0,12,1
60,0.95,Resilient,6,0,0.25,8,0.02
60,0.95,Resilient,6,0,0.25,12,1
60,0.95,Resilient,6,0,0.5,12,0.24
